id;description;jhi_date
1;73797374656d20536d616c6c;2019-06-03T07:28:33
2;726564;2019-06-02T20:31:19
3;486172626f72204d6f6e74616e61;2019-06-03T01:19:40
4;436f6e637265746520496e766573746d656e74204163636f756e74205361696e74204c75636961;2019-06-03T13:08:47
5;4272616e64;2019-06-03T03:38:50
6;4368696c65616e205065736f20556e69646164657320646520666f6d656e746f;2019-06-02T20:53:20
7;4175746f204c6f616e204163636f756e74206d6f64756c617220526566696e6564;2019-06-03T07:03:48
8;6d696e7420677265656e20652d627573696e65737320455845;2019-06-03T10:14:09
9;4672657368206772616e756c617220446972656374;2019-06-03T11:29:20
10;7769746864726177616c;2019-06-03T18:00:27
